{
    "cant_dados: 6 | puntos_turno: 0": [
        0.9999999991507899,
        0.9999999999999944
    ],
    "cant_dados: 4 | puntos_turno: 200": [
        -2.9321821422044265,
        0.9999999999999944
    ],
    "cant_dados: 2 | puntos_turno: 350": [
        -8.29156388725099,
        0.9999999999999944
    ],
    "cant_dados: 1 | puntos_turno: 400": [
        -10.329262135193598,
        0.999999999999754
    ],
    "cant_dados: 0 | puntos_turno: 500": [
        -7.640800683632103,
        0.9999999999999944
    ],
    "cant_dados: 3 | puntos_turno: 300": [
        -1.479992443488556,
        0.9999999999999944
    ],
    "cant_dados: 2 | puntos_turno: 400": [
        -14.881165923765353,
        0.9999999999999944
    ],
    "cant_dados: 4 | puntos_turno: 150": [
        -0.7207928490690122,
        0.9999999999999944
    ],
    "cant_dados: 2 | puntos_turno: 700": [
        -13.40369595721679,
        0.9999999999999944
    ],
    "cant_dados: 3 | puntos_turno: 600": [
        -11.423045302989848,
        0.9999999999999944
    ],
    "cant_dados: 5 | puntos_turno: 100": [
        -2.314454958613714,
        0.9999999999999944
    ],
    "cant_dados: 1 | puntos_turno: 750": [
        -16.37303669304357,
        0.9999999999999944
    ],
    "cant_dados: 5 | puntos_turno: 50": [
        -0.2064842068432515,
        0.9999999999999944
    ],
    "cant_dados: 3 | puntos_turno: 200": [
        -1.404706550448159,
        0.9999999999999944
    ],
    "cant_dados: 2 | puntos_turno: 1100": [
        -27.97546464429435,
        0.9999999999999944
    ],
    "cant_dados: 0 | puntos_turno: 450": [
        -7.81294703387319,
        0.9999999999999944
    ],
    "cant_dados: 0 | puntos_turno: 900": [
        -21.134848862008884,
        0.9999999999999944
    ],
    "cant_dados: 4 | puntos_turno: 100": [
        -1.2013259883376532,
        0.9999999999999944
    ],
    "cant_dados: 1 | puntos_turno: 300": [
        -7.212358435598637,
        0.9999996708871405
    ],
    "cant_dados: 2 | puntos_turno: 450": [
        -4.2921147734046565,
        0.9999999999999944
    ],
    "cant_dados: 2 | puntos_turno: 650": [
        -12.754136377039622,
        0.9999999999999944
    ],
    "cant_dados: 2 | puntos_turno: 1050": [
        -12.512486747548468,
        0.9999999999999944
    ],
    "cant_dados: 1 | puntos_turno: 1100": [
        -26.98046679624289,
        0.9999999999999944
    ],
    "cant_dados: 3 | puntos_turno: 1000": [
        -16.100303707970696,
        0.9999999999999944
    ],
    "cant_dados: 0 | puntos_turno: 1500": [
        -41.12853226524083,
        0.9999999999999944
    ],
    "cant_dados: 3 | puntos_turno: 500": [
        -19.320126560386644,
        0.9999999999999944
    ],
    "cant_dados: 2 | puntos_turno: 550": [
        -13.549254660613212,
        0.9999999999999944
    ],
    "cant_dados: 1 | puntos_turno: 600": [
        -12.018518259304168,
        0.9999999999999944
    ],
    "cant_dados: 2 | puntos_turno: 200": [
        -3.5901172165559583,
        0.9999999999999944
    ],
    "cant_dados: 1 | puntos_turno: 550": [
        -11.427095218284043,
        0.9999999999999944
    ],
    "cant_dados: 2 | puntos_turno: 250": [
        -7.36658402122809,
        0.9999999999913171
    ],
    "cant_dados: 1 | puntos_turno: 350": [
        -10.713892626384473,
        0.9999999999999944
    ],
    "cant_dados: 2 | puntos_turno: 500": [
        -16.284811304724446,
        0.9999999999999944
    ],
    "cant_dados: 3 | puntos_turno: 250": [
        -4.548817850918276,
        0.9999999999999944
    ],
    "cant_dados: 3 | puntos_turno: 400": [
        -9.751925684615669,
        0.9999999999999944
    ],
    "cant_dados: 0 | puntos_turno: 3000": [
        -64.1288222456606,
        0.9999999999999944
    ],
    "cant_dados: 0 | puntos_turno: 650": [
        -6.750419934043299,
        0.9999999999999944
    ],
    "cant_dados: 1 | puntos_turno: 450": [
        -15.015091970269049,
        0.9999999999999944
    ],
    "cant_dados: 2 | puntos_turno: 300": [
        -4.0887174172760465,
        0.9999999999999944
    ],
    "cant_dados: 3 | puntos_turno: 150": [
        -1.9069811526532983,
        0.9999999999999944
    ],
    "cant_dados: 1 | puntos_turno: 1150": [
        -33.19919524807804,
        0.9999999999999944
    ],
    "cant_dados: 0 | puntos_turno: 1250": [
        -25.43805294822027,
        0.9999999999999944
    ],
    "cant_dados: 1 | puntos_turno: 700": [
        -23.109137867097658,
        0.9999999999999944
    ],
    "cant_dados: 0 | puntos_turno: 550": [
        -13.225349505775982,
        0.9999999999999944
    ],
    "cant_dados: 0 | puntos_turno: 1200": [
        -24.091736226359078,
        0.9999999999999944
    ],
    "cant_dados: 1 | puntos_turno: 800": [
        -20.0281148354734,
        0.9999999999999944
    ],
    "cant_dados: 2 | puntos_turno: 600": [
        -12.907421522682341,
        0.9999999999999944
    ],
    "cant_dados: 1 | puntos_turno: 650": [
        -17.997214059436395,
        0.9999999999999944
    ],
    "cant_dados: 1 | puntos_turno: 1200": [
        -32.09977025068333,
        0.9999999999999944
    ],
    "cant_dados: 1 | puntos_turno: 500": [
        -10.093733541380233,
        0.9999999999999944
    ],
    "cant_dados: 0 | puntos_turno: 600": [
        -17.57691043498492,
        0.9997234558528875
    ],
    "cant_dados: 0 | puntos_turno: 350": [
        -8.684436718831599,
        0.9999999999999944
    ],
    "cant_dados: 0 | puntos_turno: 1600": [
        -23.123468584206137,
        0.9987578946233415
    ],
    "cant_dados: 0 | puntos_turno: 400": [
        -9.501907285012168,
        0.9999999999999944
    ],
    "cant_dados: 0 | puntos_turno: 700": [
        -22.571510094576176,
        0.9999999999999944
    ],
    "cant_dados: 0 | puntos_turno: 750": [
        -20.665240225375246,
        0.9999999999999944
    ],
    "cant_dados: 0 | puntos_turno: 800": [
        -19.399119083229504,
        0.9999999999999944
    ],
    "cant_dados: 0 | puntos_turno: 850": [
        -18.395246470891394,
        0.9999999999999944
    ],
    "cant_dados: 0 | puntos_turno: 1300": [
        -29.689913770247127,
        0.9999999999999872
    ],
    "cant_dados: 0 | puntos_turno: 1100": [
        -21.19513821024595,
        0.9991976530128143
    ],
    "cant_dados: 0 | puntos_turno: 1400": [
        -33.14547315219326,
        0.9996960912227529
    ],
    "cant_dados: 0 | puntos_turno: 1150": [
        -30.21091982333832,
        0.9999999999999944
    ],
    "cant_dados: 1 | puntos_turno: 250": [
        -11.648286135249766,
        0.9999999999989421
    ],
    "cant_dados: 0 | puntos_turno: 300": [
        -17.106743669288903,
        0.9929380061638043
    ],
    "cant_dados: 0 | puntos_turno: 1000": [
        -24.33272578959813,
        0.9999151966600579
    ],
    "cant_dados: 0 | puntos_turno: 2000": [
        -24.038265436128476,
        -3.662207773462477
    ],
    "cant_dados: 0 | puntos_turno: 10000": [
        -42.6626102666563,
        -1.45044002984625
    ]
}